{
  "CIFAR100_TriMap_2D": 0.04156006500124931,
  "CIFAR100_TriMap_3D": 0.037668582051992416,
  "CIFAR100_TriMap_4D": 0.035140518099069595,
  "CIFAR100_TriMap_5D": 0.033171396702528,
  "CIFAR100_TriMap_6D": 0.031527113169431686,
  "CIFAR100_TriMap_7D": 0.03146287053823471,
  "CIFAR100_TriMap_8D": 0.03140196576714516,
  "CIFAR100_TriMap_9D": 0.03164234757423401,
  "CIFAR100_TriMap_10D": 0.03145706281065941,
  "CIFAR100_UMAP_2D": 0.04019900783896446,
  "CIFAR100_t-SNE_2D": 0.036023810505867004,
  "CIFAR100_PCA_2D": 0.04219895973801613,
  "MNIST_TriMap_2D": 0.038511358201503754,
  "MNIST_TriMap_3D": 0.03124927543103695,
  "MNIST_TriMap_4D": 0.026829799637198448,
  "MNIST_TriMap_5D": 0.024758396670222282,
  "MNIST_TriMap_6D": 0.023311695083975792,
  "MNIST_TriMap_7D": 0.023707326501607895,
  "MNIST_TriMap_8D": 0.022668413817882538,
  "MNIST_TriMap_9D": 0.02230103127658367,
  "MNIST_TriMap_10D": 0.021872472018003464,
  "MNIST_UMAP_2D": 0.03646790236234665,
  "MNIST_t-SNE_2D": 0.03435897082090378,
  "MNIST_PCA_2D": 0.05892559513449669,
  "FashionMNIST_TriMap_2D": 0.02825113572180271,
  "FashionMNIST_TriMap_3D": 0.022626511752605438,
  "FashionMNIST_TriMap_4D": 0.021201377734541893,
  "FashionMNIST_TriMap_5D": 0.018828056752681732,
  "FashionMNIST_TriMap_6D": 0.019147830083966255,
  "FashionMNIST_TriMap_7D": 0.018190469592809677,
  "FashionMNIST_TriMap_8D": 0.01810675859451294,
  "FashionMNIST_TriMap_9D": 0.018005890771746635,
  "FashionMNIST_TriMap_10D": 0.017982875928282738,
  "FashionMNIST_UMAP_2D": 0.027308035641908646,
  "FashionMNIST_t-SNE_2D": 0.025441013276576996,
  "FashionMNIST_PCA_2D": 0.039511311799287796
}